Variables,Site,mean_vals
NN,BP,7.603409090909091
NN,W,1.0150561797752808
percent_sgd,BP,4.925778566386364
percent_sgd,W,2.1996922451573035
pH,BP,8.088253721419752
pH,W,8.016118279569893
Phosphate,BP,0.3220454545454545
Phosphate,W,0.1603370786516854
Salinity,BP,33.08538764842046
Salinity,W,33.94032281288889
Silicate,BP,39.11068181818182
Silicate,W,17.02561797752809
TA,BP,2287.4045962439022
TA,W,2254.725300829787
Temp_in,BP,24.631492958214285
Temp_in,W,24.348453154186046
