Site,NN,percent_sgd,pH,Phosphate,Salinity,Silicate,TA,Temp_in
BP,7.603409090909091,4.925778566386364,8.088253721419752,0.3220454545454545,33.08538764842046,39.11068181818182,2287.4045962439022,24.631492958214285
W,1.0150561797752808,2.1996922451573035,8.016118279569893,0.1603370786516854,33.94032281288889,17.02561797752809,2254.725300829787,24.348453154186046
